customer_id,recency_days,frequency,monetary,tenure_days,main_channel
C-30738,190,1,703.22,1068,แอปมือถือ
C-30580,90,20,32434.95,1059,ออนไลน์
C-30887,209,4,3263.20,261,แอปมือถือ
C-30100,37,29,71824.60,1357,แอปมือถือ
C-30238,36,34,49059.35,714,แอปมือถือ
C-30291,87,18,34744.98,161,แอปมือถือ
C-30736,211,1,4445.96,254,ออนไลน์
C-30685,266,5,540.83,934,ออนไลน์
C-30387,103,11,15910.16,492,แอปมือถือ
C-30967,293,2,775.41,1253,ออนไลน์
C-30689,359,3,5848.25,1105,ออนไลน์
C-30971,331,4,4601.51,828,แอปมือถือ
C-31010,185,5,1835.23,952,ออนไลน์
C-30741,279,4,1258.45,1048,ออนไลน์
C-30109,26,29,115462.00,922,หน้าร้าน
C-31073,242,1,111102.45,980,แอปมือถือ
C-30727,327,2,1019.32,1392,ออนไลน์
C-30544,43,8,32120.81,867,ออนไลน์
C-30492,35,12,32357.55,318,ออนไลน์
C-30694,271,3,5598.33,1334,แอปมือถือ
C-30740,278,3,4839.49,400,หน้าร้าน
C-30688,353,5,4676.74,659,หน้าร้าน
C-30728,198,4,4646.09,1247,แอปมือถือ
C-30322,110,12,10720.74,549,ออนไลน์
C-30073,39,18,95986.48,191,หน้าร้าน
C-30370,29,8,36133.97,1192,ออนไลน์
C-30656,93,15,37097.70,482,หน้าร้าน
C-30453,37,14,16850.62,1386,แอปมือถือ
C-30008,3,29,132355.46,500,แอปมือถือ
C-30181,5,41,67969.83,101,หน้าร้าน
C-30434,96,10,18420.96,1215,แอปมือถือ
C-30246,43,44,170723.96,709,แอปมือถือ
C-30570,34,7,40842.30,1232,หน้าร้าน
C-30435,81,9,14252.20,1111,แอปมือถือ
C-30922,239,3,6731.90,1385,ออนไลน์
C-30942,314,5,1072.79,340,หน้าร้าน
C-30717,392,2,1113.96,800,หน้าร้าน
C-30624,47,17,13971.56,390,หน้าร้าน
C-30221,11,34,56932.80,926,ออนไลน์
C-30852,257,5,5656.71,849,แอปมือถือ
C-30097,6,43,84029.36,628,หน้าร้าน
C-30350,90,11,21080.03,620,แอปมือถือ
C-30520,30,20,19088.59,909,ออนไลน์
C-31117,150,2,76732.30,864,ออนไลน์
C-30496,23,19,17383.47,237,หน้าร้าน
C-30447,61,15,33799.55,104,หน้าร้าน
C-30471,40,19,30702.15,853,หน้าร้าน
C-30443,42,8,22794.39,372,แอปมือถือ
C-31113,105,2,196372.07,541,แอปมือถือ
C-30419,62,10,14072.43,1215,หน้าร้าน
C-30574,56,20,29975.48,400,ออนไลน์
C-31184,103,1,71503.06,907,แอปมือถือ
C-30039,43,29,134716.00,1176,แอปมือถือ
C-30282,102,20,8537.39,604,หน้าร้าน
C-30553,51,13,31694.40,1351,หน้าร้าน
C-30173,39,32,83566.03,194,แอปมือถือ
C-30497,33,12,18404.07,130,ออนไลน์
C-30639,54,18,20120.28,1073,แอปมือถือ
C-30468,78,17,39809.18,846,ออนไลน์
C-30406,20,15,34228.06,987,ออนไลน์
C-31108,232,2,116240.68,690,หน้าร้าน
C-30932,261,3,6379.24,482,หน้าร้าน
C-30826,417,3,3975.83,542,หน้าร้าน
C-30093,4,27,97065.35,239,หน้าร้าน
C-30760,276,1,1366.92,407,แอปมือถือ
C-30773,162,2,3477.94,333,แอปมือถือ
C-30265,55,20,27901.02,702,หน้าร้าน
C-30827,221,4,2326.14,1022,หน้าร้าน
C-30625,34,8,26959.81,391,แอปมือถือ
C-30902,209,3,2127.11,450,หน้าร้าน
C-30507,41,15,18962.06,1310,แอปมือถือ
C-31040,413,2,6645.70,1162,หน้าร้าน
C-30929,400,1,5304.51,1079,แอปมือถือ
C-30548,110,15,12531.39,544,หน้าร้าน
C-30631,29,12,12158.78,188,ออนไลน์
C-30442,96,18,20468.01,357,แอปมือถือ
C-30696,217,2,1798.74,847,ออนไลน์
C-30307,44,15,41032.82,467,ออนไลน์
C-31185,179,2,205064.33,233,แอปมือถือ
C-30761,266,2,5755.69,890,ออนไลน์
C-31164,177,2,160327.77,1101,ออนไลน์
C-30096,20,45,76031.90,82,แอปมือถือ
C-30664,91,20,17598.34,683,ออนไลน์
C-30610,38,15,14617.23,1310,หน้าร้าน
C-30146,4,40,158305.82,773,ออนไลน์
C-30331,106,8,10769.10,718,ออนไลน์
C-31034,305,5,840.84,680,แอปมือถือ
C-30393,50,10,28965.68,671,หน้าร้าน
C-30707,270,4,481.91,366,แอปมือถือ
C-30815,154,3,5243.85,1052,หน้าร้าน
C-31152,249,1,203819.78,449,หน้าร้าน
C-30053,42,31,174681.80,379,หน้าร้าน
C-30591,108,9,37916.02,842,ออนไลน์
C-30041,24,19,127165.27,379,ออนไลน์
C-30098,11,44,65175.99,1239,หน้าร้าน
C-31021,171,4,1423.04,902,หน้าร้าน
C-30543,54,7,7391.94,1255,ออนไลน์
C-31030,398,3,5969.11,743,ออนไลน์
C-30923,275,5,1529.85,1413,หน้าร้าน
C-30495,94,14,7095.72,556,แอปมือถือ
C-30269,100,12,18785.97,345,ออนไลน์
C-30669,80,10,17739.86,278,ออนไลน์
C-31139,212,2,202331.89,1079,หน้าร้าน
C-30995,380,4,4160.88,470,หน้าร้าน
C-30750,403,5,5166.02,1006,ออนไลน์
C-31157,184,2,55650.31,277,หน้าร้าน
C-30311,104,20,32776.58,813,หน้าร้าน
C-31196,135,1,122716.76,1196,ออนไลน์
C-30794,372,1,5737.27,626,ออนไลน์
C-30539,31,8,31079.49,721,แอปมือถือ
C-30845,277,5,4627.20,953,ออนไลน์
C-30909,419,1,6540.93,1273,หน้าร้าน
C-31038,211,4,2319.32,732,หน้าร้าน
C-30056,31,33,146715.69,590,แอปมือถือ
C-30949,321,5,823.63,643,แอปมือถือ
C-30019,34,42,73083.82,737,ออนไลน์
C-30677,73,14,29840.29,264,ออนไลน์
C-30816,306,1,2763.32,1028,ออนไลน์
C-30605,30,7,37590.83,448,แอปมือถือ
C-30352,82,17,22651.36,1059,หน้าร้าน
C-30573,28,9,26790.04,974,ออนไลน์
C-30753,250,1,5032.11,1251,ออนไลน์
C-30547,93,12,28249.54,931,ออนไลน์
C-30020,5,44,88442.15,124,หน้าร้าน
C-30911,169,4,2000.80,1362,ออนไลน์
C-30089,7,45,47311.53,1160,หน้าร้าน
C-30112,5,32,126425.50,440,หน้าร้าน
C-31170,100,2,72511.70,1469,แอปมือถือ
C-30070,29,43,44529.82,557,แอปมือถือ
C-30837,213,3,3186.89,665,ออนไลน์
C-30110,7,48,92077.80,709,ออนไลน์
C-30931,350,2,4331.21,419,หน้าร้าน
C-31087,185,2,55352.97,599,ออนไลน์
C-30236,7,38,112930.26,1424,ออนไลน์
C-30473,55,20,22669.35,1348,หน้าร้าน
C-30168,34,36,71289.41,435,ออนไลน์
C-30512,25,12,23892.50,1235,ออนไลน์
C-30630,56,9,9534.60,584,หน้าร้าน
C-31032,335,5,1541.94,1247,ออนไลน์
C-30820,345,4,6189.93,960,ออนไลน์
C-30861,244,4,2930.60,1291,หน้าร้าน
C-30749,265,5,3241.08,1267,แอปมือถือ
C-30086,41,26,145197.36,1184,หน้าร้าน
C-30515,29,17,35730.38,222,หน้าร้าน
C-30579,97,13,22886.91,1358,แอปมือถือ
C-30634,53,13,40678.01,547,ออนไลน์
C-30174,6,40,74381.02,849,แอปมือถือ
C-30973,342,1,5871.08,344,ออนไลน์
C-30948,211,4,5366.98,1316,หน้าร้าน
C-30607,39,8,14287.26,846,หน้าร้าน
C-30752,371,4,1183.76,1375,ออนไลน์
C-30088,34,41,146807.40,157,หน้าร้าน
C-31020,152,1,6088.56,1203,หน้าร้าน
C-30829,253,1,1904.01,356,หน้าร้าน
C-31103,97,1,83592.59,1005,หน้าร้าน
C-30756,178,5,2226.46,884,ออนไลน์
C-30763,301,1,1550.81,673,หน้าร้าน
C-30132,6,27,56538.17,551,ออนไลน์
C-30233,43,45,174939.76,1235,แอปมือถือ
C-30044,7,41,97164.29,1248,ออนไลน์
C-30418,35,8,30916.34,793,แอปมือถือ
C-30552,39,14,22427.97,738,แอปมือถือ
C-30219,5,40,75791.87,487,หน้าร้าน
C-30078,13,22,68804.27,502,หน้าร้าน
C-30608,24,17,9267.96,1087,หน้าร้าน
C-30367,34,16,38385.37,1444,หน้าร้าน
C-30260,80,12,13477.50,1027,ออนไลน์
C-30988,337,3,2839.52,1325,หน้าร้าน
C-30663,35,13,13404.54,1324,ออนไลน์
C-31014,257,5,5539.19,1473,แอปมือถือ
C-30984,358,4,5036.61,1214,ออนไลน์
C-30381,95,15,30494.41,954,หน้าร้าน
C-30680,286,4,5249.05,1453,หน้าร้าน
C-31004,390,3,1277.86,1349,ออนไลน์
C-30253,23,22,96344.91,267,หน้าร้าน
C-30951,261,3,6518.67,402,แอปมือถือ
C-30525,74,14,21851.57,218,หน้าร้าน
C-30467,48,8,17592.47,1220,ออนไลน์
C-30954,315,3,2913.61,425,หน้าร้าน
C-31140,125,1,167757.31,1105,ออนไลน์
C-30606,48,12,33790.74,1051,ออนไลน์
C-30849,402,5,3774.95,983,ออนไลน์
C-30179,36,19,161458.69,951,ออนไลน์
C-30863,350,3,2711.38,1087,หน้าร้าน
C-30068,13,42,92828.51,307,แอปมือถือ
C-30635,36,18,23140.82,182,แอปมือถือ
C-30920,252,1,3905.71,1336,หน้าร้าน
C-30115,10,36,60434.02,372,หน้าร้าน
C-30888,378,2,1897.65,654,แอปมือถือ
C-31121,223,1,169439.76,1369,ออนไลน์
C-30987,294,5,3656.95,521,หน้าร้าน
C-30754,156,4,3618.17,283,ออนไลน์
C-30076,33,24,142472.54,1167,ออนไลน์
C-30095,7,23,182732.31,616,ออนไลน์
C-31050,254,3,2870.00,1277,แอปมือถือ
C-30564,31,18,29143.75,1282,แอปมือถือ
C-30918,327,4,1755.07,445,แอปมือถือ
C-30585,45,14,25738.85,694,หน้าร้าน
C-30155,42,38,53706.10,118,แอปมือถือ
C-30868,349,3,2251.16,713,แอปมือถือ
C-30011,30,47,122409.61,232,หน้าร้าน
C-30030,17,24,120495.22,830,แอปมือถือ
C-30747,162,2,3268.14,468,แอปมือถือ
C-30052,42,29,125921.45,268,ออนไลน์
C-30865,356,4,3274.16,855,ออนไลน์
C-30534,32,13,36281.14,548,หน้าร้าน
C-30411,33,10,17446.71,488,หน้าร้าน
C-30124,45,18,132421.47,655,แอปมือถือ
C-30601,51,7,35674.44,1248,แอปมือถือ
C-30185,10,19,79241.43,1254,ออนไลน์
C-30817,343,3,1498.60,685,หน้าร้าน
C-31194,149,1,67516.15,1341,แอปมือถือ
C-31133,240,2,116822.71,1345,ออนไลน์
C-30963,381,4,4272.44,892,หน้าร้าน
C-30946,386,2,3768.09,825,หน้าร้าน
C-31088,169,2,106467.18,1195,ออนไลน์
C-30010,45,40,61498.61,269,ออนไลน์
C-31027,176,5,4271.12,476,ออนไลน์
C-31057,410,4,3858.20,851,หน้าร้าน
C-30414,77,9,37690.80,345,หน้าร้าน
C-30774,388,2,5645.18,1448,ออนไลน์
C-30166,39,39,129333.22,704,แอปมือถือ
C-30489,94,12,38614.33,648,ออนไลน์
C-30286,23,15,31426.31,950,หน้าร้าน
C-31178,104,2,153577.11,1099,หน้าร้าน
C-30531,71,12,33184.58,1211,แอปมือถือ
C-30898,297,4,4059.24,996,แอปมือถือ
C-30554,90,11,20033.45,1329,แอปมือถือ
C-30595,26,7,36044.41,840,ออนไลน์
C-30485,107,19,33599.33,223,แอปมือถือ
C-30283,51,9,9206.68,585,หน้าร้าน
C-31052,295,1,4842.06,1026,หน้าร้าน
C-30536,72,15,14684.33,840,ออนไลน์
C-30385,79,7,21931.62,1431,หน้าร้าน
C-31143,130,2,141504.13,570,แอปมือถือ
C-31177,147,2,99105.08,1401,หน้าร้าน
C-31081,220,1,122899.26,733,หน้าร้าน
C-31043,192,4,2577.85,977,แอปมือถือ
C-30463,92,16,28872.15,1025,ออนไลน์
C-30218,34,43,52764.59,86,ออนไลน์
C-30263,97,20,11554.83,1442,ออนไลน์
C-30650,86,9,36095.14,827,หน้าร้าน
C-30577,36,7,35267.63,447,ออนไลน์
C-31063,243,1,144853.85,940,แอปมือถือ
C-30956,258,4,6772.39,1073,แอปมือถือ
C-30708,281,3,3274.35,814,ออนไลน์
C-30965,188,5,686.60,1208,หน้าร้าน
C-30391,70,10,21713.44,1409,หน้าร้าน
C-30195,16,35,110505.66,188,แอปมือถือ
C-30209,43,47,77816.55,529,แอปมือถือ
C-30439,99,8,17260.77,194,ออนไลน์
C-30325,109,10,31682.70,1155,หน้าร้าน
C-31084,215,2,98965.52,1443,ออนไลน์
C-30362,100,18,31856.47,391,หน้าร้าน
C-30417,106,14,31778.48,946,ออนไลน์
C-30057,42,28,45409.19,139,หน้าร้าน
C-30180,20,48,127548.56,407,ออนไลน์
C-30431,74,19,37026.50,1007,ออนไลน์
C-31031,179,1,5827.01,992,ออนไลน์
C-30915,185,2,5784.39,1215,แอปมือถือ
C-30242,24,34,164488.93,1487,แอปมือถือ
C-30775,187,2,1935.12,1469,แอปมือถือ
C-30255,26,42,162537.50,1242,หน้าร้าน
C-31018,268,5,4935.46,538,หน้าร้าน
C-30567,58,20,24093.43,258,หน้าร้าน
C-30847,228,4,5636.29,1287,หน้าร้าน
C-30795,377,1,4590.62,829,ออนไลน์
C-30403,95,11,15960.75,618,หน้าร้าน
C-30420,50,18,35473.77,485,ออนไลน์
C-30526,103,10,12139.14,362,แอปมือถือ
C-30222,31,40,64133.78,1234,แอปมือถือ
C-30101,38,47,73623.31,543,แอปมือถือ
C-30667,37,20,8690.86,804,ออนไลน์
C-30840,416,1,2946.38,1150,หน้าร้าน
C-30206,8,23,63347.06,949,หน้าร้าน
C-30646,40,18,23153.00,217,หน้าร้าน
C-30119,21,30,153835.07,654,แอปมือถือ
C-30436,38,10,20162.95,409,แอปมือถือ
C-30611,37,16,10736.57,1383,หน้าร้าน
C-30981,282,4,5316.82,1430,หน้าร้าน
C-30620,27,10,23553.14,501,แอปมือถือ
C-30074,3,23,105178.25,876,หน้าร้าน
C-30673,23,16,22817.42,695,หน้าร้าน
C-30037,9,19,80976.02,1478,แอปมือถือ
C-30780,209,5,1757.23,321,แอปมือถือ
C-30201,18,30,106614.26,1386,แอปมือถือ
C-30908,183,5,2452.88,1478,แอปมือถือ
C-31191,149,1,188775.14,586,แอปมือถือ
C-30449,36,20,14213.28,84,แอปมือถือ
C-30058,29,43,95418.94,190,ออนไลน์
C-30154,42,40,58084.90,136,ออนไลน์
C-30040,25,27,75335.82,615,ออนไลน์
C-30679,102,18,28624.65,263,แอปมือถือ
C-30528,30,20,33271.03,1399,หน้าร้าน
C-30593,100,19,26481.45,224,หน้าร้าน
C-30172,19,36,140050.26,600,ออนไลน์
C-30466,73,9,21705.38,1248,ออนไลน์
C-30153,33,23,169287.52,625,แอปมือถือ
C-30746,239,1,6601.32,310,หน้าร้าน
C-31077,145,2,69160.88,871,หน้าร้าน
C-30287,25,18,17437.29,512,แอปมือถือ
C-30950,326,3,3591.78,712,หน้าร้าน
C-30461,85,12,9807.27,1355,แอปมือถือ
C-30330,20,13,16391.79,1480,แอปมือถือ
C-31060,210,1,63296.26,577,แอปมือถือ
C-30744,351,2,5969.30,1237,หน้าร้าน
C-30719,338,4,555.42,480,ออนไลน์
C-31168,203,1,165909.55,1101,หน้าร้าน
C-30796,297,3,1837.86,910,แอปมือถือ
C-31090,233,1,92703.53,464,หน้าร้าน
C-30184,32,33,124539.63,1207,หน้าร้าน
C-30151,32,27,81508.97,270,แอปมือถือ
C-30731,276,4,2581.97,416,หน้าร้าน
C-30125,37,22,161549.11,1423,หน้าร้าน
C-30917,263,1,2788.86,279,หน้าร้าน
C-30092,18,33,183113.45,1055,ออนไลน์
C-30994,282,5,3688.98,334,แอปมือถือ
C-30925,154,1,6018.43,174,แอปมือถือ
C-30000,24,32,166834.69,135,หน้าร้าน
C-30191,39,36,135235.20,696,หน้าร้าน
C-30161,29,45,65384.41,238,แอปมือถือ
C-30527,50,15,20855.94,689,แอปมือถือ
C-30121,45,30,173087.60,1154,แอปมือถือ
C-30343,64,18,37241.24,1097,แอปมือถือ
C-31146,140,2,146873.54,655,ออนไลน์
C-30200,3,22,78207.89,363,แอปมือถือ
C-31130,111,2,146148.31,782,แอปมือถือ
C-31095,211,1,191761.15,775,แอปมือถือ
C-31079,202,1,78079.90,1227,แอปมือถือ
C-30800,227,3,3550.47,1104,แอปมือถือ
C-30945,265,2,2541.95,841,แอปมือถือ
C-30617,69,17,19723.75,507,ออนไลน์
C-30317,61,8,16224.02,450,ออนไลน์
C-31049,332,4,3024.49,1128,หน้าร้าน
C-31106,198,2,172842.81,585,หน้าร้าน
C-31051,168,4,1660.03,909,ออนไลน์
C-30881,153,3,4412.08,359,หน้าร้าน
C-30277,73,20,9886.17,369,ออนไลน์
C-30934,324,2,5519.30,1500,แอปมือถือ
C-30652,65,15,15180.14,1029,หน้าร้าน
C-31144,260,2,58701.75,620,ออนไลน์
C-30446,72,15,22200.15,1359,หน้าร้าน
C-31005,228,4,6341.67,586,ออนไลน์
C-30281,66,14,35948.03,769,ออนไลน์
C-30890,151,5,4545.92,288,หน้าร้าน
C-30762,418,4,969.58,1018,แอปมือถือ
C-30432,49,12,37658.50,698,แอปมือถือ
C-30067,45,23,89646.74,947,หน้าร้าน
C-30813,303,4,5354.54,749,หน้าร้าน
C-30376,64,19,32961.27,394,แอปมือถือ
C-30913,281,2,6612.27,802,หน้าร้าน
C-30150,7,46,48975.58,566,แอปมือถือ
C-30551,38,14,22346.76,1365,ออนไลน์
C-30725,179,1,6152.91,1346,ออนไลน์
C-30877,221,5,3126.79,452,หน้าร้าน
C-30013,11,34,99093.38,1432,ออนไลน์
C-30822,339,5,3401.50,1348,หน้าร้าน
C-31067,252,1,92961.82,1189,ออนไลน์
C-30857,352,4,702.48,470,แอปมือถือ
C-30176,23,24,56472.20,105,ออนไลน์
C-30584,98,11,20240.37,265,หน้าร้าน
C-30944,337,5,6583.51,476,หน้าร้าน
C-30212,16,36,123081.68,1249,แอปมือถือ
C-30974,332,5,5483.69,989,แอปมือถือ
C-30793,167,1,3439.11,1099,ออนไลน์
C-30137,31,42,78185.54,1025,หน้าร้าน
C-30714,400,4,6408.35,884,ออนไลน์
C-30256,10,27,139938.91,1233,แอปมือถือ
C-30069,4,36,62014.54,1094,ออนไลน์
C-30452,85,14,17320.03,1111,ออนไลน์
C-30280,103,20,29787.35,1391,ออนไลน์
C-31100,210,2,135495.80,1399,หน้าร้าน
C-30050,4,37,99971.14,1265,แอปมือถือ
C-31123,212,1,138592.34,1029,ออนไลน์
C-31042,199,5,3871.72,942,แอปมือถือ
C-30216,10,43,145259.91,854,หน้าร้าน
C-30009,15,19,157262.35,1038,แอปมือถือ
C-30060,16,35,184347.78,576,แอปมือถือ
C-30598,93,10,31468.27,1237,หน้าร้าน
C-30207,40,45,182302.23,869,ออนไลน์
C-30801,230,2,3193.22,638,แอปมือถือ
C-30858,202,3,5960.74,249,ออนไลน์
C-30288,29,8,27014.63,995,ออนไลน์
C-30659,103,13,12225.98,923,ออนไลน์
C-30231,11,43,175148.26,1203,แอปมือถือ
C-30274,35,13,23805.40,689,ออนไลน์
C-30251,3,34,145251.76,1038,แอปมือถือ
C-31122,258,1,132764.22,1234,หน้าร้าน
C-30812,241,4,4001.44,815,หน้าร้าน
C-30883,179,1,3128.42,777,แอปมือถือ
C-30051,27,33,133925.59,232,แอปมือถือ
C-31180,225,2,150262.80,640,ออนไลน์
C-30410,31,16,38233.94,745,หน้าร้าน
C-30194,17,27,82498.17,1140,หน้าร้าน
C-30935,164,5,6695.30,769,ออนไลน์
C-30389,65,15,26254.18,812,ออนไลน์
C-31192,217,1,182516.35,1075,หน้าร้าน
C-30243,17,32,90159.52,908,ออนไลน์
C-30503,69,13,14808.47,1111,ออนไลน์
C-30215,4,21,179913.25,294,แอปมือถือ
C-30189,12,27,116267.97,1334,หน้าร้าน
C-30968,190,2,6029.12,412,หน้าร้าน
C-30546,101,12,21992.58,117,ออนไลน์
C-30803,330,1,4613.30,933,ออนไลน์
C-31037,180,2,4921.32,401,แอปมือถือ
C-30384,75,7,37001.79,901,แอปมือถือ
C-30378,39,20,32347.41,429,หน้าร้าน
C-30519,80,18,22576.19,204,ออนไลน์
C-30755,388,1,1194.41,934,ออนไลน์
C-30268,30,15,27051.60,157,ออนไลน์
C-30893,261,1,3948.64,1262,ออนไลน์
C-31134,242,2,116098.49,1445,หน้าร้าน
C-30627,94,17,16935.05,617,หน้าร้าน
C-30272,54,7,30270.00,263,หน้าร้าน
C-30832,233,2,6183.56,898,ออนไลน์
C-31070,116,1,157168.76,117,หน้าร้าน
C-30658,28,13,24233.36,392,หน้าร้าน
C-31015,233,1,6338.49,1151,หน้าร้าน
C-31022,162,2,1195.46,455,แอปมือถือ
C-30597,81,7,31473.01,801,หน้าร้าน
C-31142,173,1,127320.74,481,ออนไลน์
C-30853,388,4,3350.40,390,ออนไลน์
C-30445,86,10,26981.29,1069,แอปมือถือ
C-30739,350,5,6639.56,536,แอปมือถือ
C-30734,312,3,5326.00,761,ออนไลน์
C-30506,105,18,36880.92,1418,ออนไลน์
C-30821,177,3,4574.49,780,ออนไลน์
C-30811,344,5,4520.95,1400,ออนไลน์
C-30778,319,3,4428.88,1181,ออนไลน์
C-30797,309,2,3898.69,630,แอปมือถือ
C-30094,3,26,121719.00,1395,ออนไลน์
C-31013,200,5,6122.38,1154,ออนไลน์
C-30163,14,32,70402.62,630,ออนไลน์
C-31148,119,2,185966.85,533,แอปมือถือ
C-30743,346,4,3519.43,1109,หน้าร้าน
C-30657,43,9,33375.33,556,ออนไลน์
C-30654,27,19,12450.30,551,แอปมือถือ
C-30953,337,2,6449.70,544,แอปมือถือ
C-30455,106,9,36070.27,473,ออนไลน์
C-30159,41,18,107034.67,1483,แอปมือถือ
C-30690,396,4,6704.60,843,แอปมือถือ
C-30140,18,30,176525.13,1088,หน้าร้าน
C-30498,87,13,26379.83,922,แอปมือถือ
C-30878,351,1,3568.82,1441,ออนไลน์
C-31155,144,2,164176.08,163,หน้าร้าน
C-30975,238,4,6198.63,1176,แอปมือถือ
C-30186,15,37,183349.98,516,หน้าร้าน
C-31109,138,2,183730.72,641,แอปมือถือ
C-30354,79,11,21445.24,135,ออนไลน์
C-31149,216,2,90969.41,1299,ออนไลน์
C-30091,36,33,124194.93,1231,ออนไลน์
C-30237,34,22,99083.99,275,หน้าร้าน
C-30178,29,34,68225.09,1382,ออนไลน์
C-31163,239,2,188278.47,971,หน้าร้าน
C-30859,401,2,2720.02,1189,ออนไลน์
C-30674,58,8,11482.76,272,หน้าร้าน
C-30509,83,20,39999.84,776,หน้าร้าน
C-30425,52,14,33180.60,558,แอปมือถือ
C-30228,20,39,165560.91,883,แอปมือถือ
C-30651,60,19,8155.48,271,แอปมือถือ
C-30969,160,4,1395.30,1193,แอปมือถือ
C-30562,107,10,21492.03,534,หน้าร้าน
C-30239,15,43,63842.30,521,แอปมือถือ
C-30027,19,30,126781.85,353,หน้าร้าน
C-30710,344,5,6223.81,964,ออนไลน์
C-30873,368,1,828.87,425,แอปมือถือ
C-31000,380,5,5063.42,1474,หน้าร้าน
C-31181,106,2,78145.57,610,หน้าร้าน
C-30104,34,41,105290.00,1372,หน้าร้าน
C-31093,159,2,81456.12,579,แอปมือถือ
C-30737,287,5,6611.61,1178,แอปมือถือ
C-30365,73,7,28489.41,1248,ออนไลน์
C-30687,299,5,673.09,901,หน้าร้าน
C-30475,109,15,32614.40,1194,แอปมือถือ
C-30388,37,7,7461.17,949,แอปมือถือ
C-30712,218,4,2799.85,993,ออนไลน์
C-30479,75,15,21126.32,680,หน้าร้าน
C-31071,146,2,187791.46,1085,หน้าร้าน
C-30377,73,9,26203.72,999,ออนไลน์
C-30334,74,11,17401.63,889,ออนไลน์
C-30085,29,38,145804.78,90,ออนไลน์
C-30500,21,20,16558.76,520,ออนไลน์
C-30328,33,11,15380.90,779,หน้าร้าน
C-30810,227,4,579.78,951,หน้าร้าน
C-30412,54,14,29371.79,787,ออนไลน์
C-30516,43,11,35988.74,1448,ออนไลน์
C-30603,88,17,30142.40,856,ออนไลน์
C-30079,31,45,100290.75,343,หน้าร้าน
C-30565,73,17,16859.18,262,หน้าร้าน
C-30448,68,8,31144.04,1381,หน้าร้าน
C-30319,91,16,30856.24,855,แอปมือถือ
C-31056,155,5,5236.49,1039,หน้าร้าน
C-31048,265,1,3094.99,300,ออนไลน์
C-30066,25,32,163464.41,877,แอปมือถือ
C-30337,91,16,8323.32,690,แอปมือถือ
C-30175,8,25,101141.87,1421,แอปมือถือ
C-30402,108,8,17774.79,994,แอปมือถือ
C-30633,97,8,13014.92,1290,แอปมือถือ
C-31154,258,1,185233.95,280,ออนไลน์
C-30481,38,20,36592.74,184,แอปมือถือ
C-30514,71,20,30172.74,391,ออนไลน์
C-31033,299,3,1603.36,1094,หน้าร้าน
C-31137,108,2,178063.75,538,ออนไลน์
C-30241,23,35,170983.26,1102,ออนไลน์
C-31012,317,2,1608.06,345,หน้าร้าน
C-31186,123,1,109530.83,1371,ออนไลน์
C-30128,13,18,170269.90,1243,หน้าร้าน
C-30804,380,5,3579.61,671,ออนไลน์
C-30706,392,2,2268.75,518,แอปมือถือ
C-30303,74,19,26095.80,848,ออนไลน์
C-30138,23,44,179181.65,432,ออนไลน์
C-30131,24,20,134378.72,597,หน้าร้าน
C-30691,282,4,1258.92,1330,แอปมือถือ
C-31171,170,1,91545.73,1170,แอปมือถือ
C-30518,59,9,25751.31,765,หน้าร้าน
C-30193,5,39,91488.89,843,หน้าร้าน
C-30692,171,2,6681.65,919,แอปมือถือ
C-30487,30,8,36175.07,140,หน้าร้าน
C-30054,4,21,161793.70,1291,ออนไลน์
C-30235,17,36,100220.96,968,หน้าร้าน
C-31114,189,1,171150.39,388,หน้าร้าน
C-30364,64,17,12869.12,310,ออนไลน์
C-30824,392,2,5604.78,1492,แอปมือถือ
C-30383,90,15,14133.25,929,แอปมือถือ
C-31011,289,4,877.68,638,แอปมือถือ
C-31009,324,5,6318.84,732,ออนไลน์
C-30936,352,4,5030.88,1231,แอปมือถือ
C-30745,306,3,6107.50,1117,แอปมือถือ
C-30941,213,2,2867.13,571,หน้าร้าน
C-30025,31,38,150092.49,466,ออนไลน์
C-30204,32,19,48610.82,1455,แอปมือถือ
C-30226,18,32,147180.17,535,แอปมือถือ
C-30240,5,31,56120.48,780,หน้าร้าน
C-30275,25,17,34696.46,1043,หน้าร้าน
C-31096,235,2,124255.21,763,หน้าร้าน
C-31003,381,3,4830.64,1458,หน้าร้าน
C-30043,17,29,106163.81,598,หน้าร้าน
C-31182,240,2,102246.49,255,แอปมือถือ
C-30373,69,7,22398.39,1175,หน้าร้าน
C-30851,166,5,6056.49,970,แอปมือถือ
C-30524,96,11,39056.79,1486,หน้าร้าน
C-30329,58,19,12287.83,99,หน้าร้าน
C-30007,39,36,155067.72,1231,แอปมือถือ
C-31107,222,1,151208.24,883,ออนไลน์
C-30075,22,21,75225.09,868,ออนไลน์
C-30335,74,10,18854.06,684,หน้าร้าน
C-30613,43,7,34836.97,1243,แอปมือถือ
C-30966,404,2,2705.53,427,แอปมือถือ
C-30825,167,5,1333.90,940,แอปมือถือ
C-30084,9,41,89091.49,164,หน้าร้าน
C-30513,103,10,24073.57,451,แอปมือถือ
C-30208,25,37,98131.79,1327,หน้าร้าน
C-31099,174,2,79100.86,845,แอปมือถือ
C-31101,202,2,72406.50,748,แอปมือถือ
C-30884,158,4,4661.67,1043,แอปมือถือ
C-30407,95,12,21873.69,1154,ออนไลน์
C-30903,266,2,2362.85,1025,ออนไลน์
C-30537,95,16,26284.62,1308,หน้าร้าน
C-30767,238,2,5429.03,548,แอปมือถือ
C-31068,251,2,185325.42,788,แอปมือถือ
C-31176,223,1,190572.51,1023,หน้าร้าน
C-30296,66,12,41224.40,914,ออนไลน์
C-30113,32,39,53245.87,840,ออนไลน์
C-31026,351,5,4017.68,1182,หน้าร้าน
C-31198,160,2,65731.42,479,ออนไลน์
C-30482,83,10,27833.02,368,หน้าร้าน
C-30144,16,47,58541.03,858,แอปมือถือ
C-30472,87,19,24096.43,842,ออนไลน์
C-30170,44,28,107272.97,1361,แอปมือถือ
C-30645,106,12,10918.60,943,แอปมือถือ
C-30568,107,10,9307.20,1485,แอปมือถือ
C-30129,32,48,174604.23,1033,ออนไลน์
C-31069,234,1,137500.32,667,แอปมือถือ
C-30545,22,9,9558.77,814,แอปมือถือ
C-30188,5,23,97445.97,590,แอปมือถือ
C-31125,230,1,86672.33,492,แอปมือถือ
C-31064,255,2,170890.74,602,หน้าร้าน
C-30464,38,18,24479.24,1226,แอปมือถือ
C-30640,26,18,31845.36,1421,แอปมือถือ
C-30205,30,32,77884.28,1229,แอปมือถือ
C-30769,272,4,5982.47,283,แอปมือถือ
C-30157,39,29,130406.35,569,แอปมือถือ
C-30197,32,38,180934.83,261,แอปมือถือ
C-30308,41,10,11624.74,1205,แอปมือถือ
C-30368,49,17,23170.26,1386,หน้าร้าน
C-30711,254,2,936.18,846,ออนไลน์
C-30729,404,2,6303.52,860,หน้าร้าน
C-30921,293,1,2649.12,588,หน้าร้าน
C-30683,177,5,1234.85,236,แอปมือถือ
C-30735,309,3,3534.69,313,ออนไลน์
C-30789,268,4,912.29,1464,ออนไลน์
C-30867,186,1,2456.48,265,ออนไลน์
C-30782,174,5,1310.12,913,หน้าร้าน
C-30844,382,5,2848.84,399,หน้าร้าน
C-30549,58,12,14815.33,511,ออนไลน์
C-30970,270,1,5393.57,1433,ออนไลน์
C-30374,41,12,9681.16,819,หน้าร้าน
C-30675,78,11,32060.72,601,หน้าร้าน
C-30433,49,10,38776.60,856,ออนไลน์
C-30894,262,5,6693.04,447,ออนไลน์
C-30982,337,4,1498.06,837,ออนไลน์
C-30582,35,9,29598.79,1012,ออนไลน์
C-31041,354,5,6162.84,383,หน้าร้าน
C-30401,27,10,22229.52,1253,ออนไลน์
C-30530,71,13,40645.60,1184,แอปมือถือ
C-31008,277,4,4802.88,434,ออนไลน์
C-31097,108,1,89285.68,1018,แอปมือถือ
C-31166,217,2,65093.86,291,หน้าร้าน
C-30220,7,25,160603.26,1058,หน้าร้าน
C-30947,314,2,4452.03,535,ออนไลน์
C-30262,62,15,25712.51,1379,แอปมือถือ
C-30999,222,5,2682.89,1165,ออนไลน์
C-30806,260,2,1246.91,951,แอปมือถือ
C-31065,253,1,204178.90,1052,หน้าร้าน
C-30324,69,11,36432.33,202,หน้าร้าน
C-30023,43,30,79187.97,576,แอปมือถือ
C-30314,27,17,24294.96,1335,ออนไลน์
C-30441,38,18,14944.84,616,ออนไลน์
C-30910,256,4,4083.22,1483,แอปมือถือ
C-31072,158,2,65279.75,830,หน้าร้าน
C-30684,190,2,5319.00,1014,ออนไลน์
C-30964,366,3,3737.05,965,หน้าร้าน
C-31053,275,1,6193.50,913,ออนไลน์
C-30705,205,3,6184.82,613,แอปมือถือ
C-31119,245,2,205650.45,1233,แอปมือถือ
C-30038,9,38,137334.34,135,ออนไลน์
C-31124,244,2,82757.79,757,หน้าร้าน
C-31028,243,4,4490.88,1103,แอปมือถือ
C-30429,77,18,20691.39,701,หน้าร้าน
C-31118,136,1,79789.38,790,แอปมือถือ
C-30872,253,3,3908.58,1416,ออนไลน์
C-30306,67,15,34530.36,309,แอปมือถือ
C-30807,152,2,5106.68,1011,แอปมือถือ
C-30312,78,10,27178.12,955,ออนไลน์
C-30998,246,3,3845.76,825,แอปมือถือ
C-30252,4,35,58168.08,699,หน้าร้าน
C-31199,104,2,119537.10,1165,ออนไลน์
C-30380,50,13,40685.39,1082,ออนไลน์
C-30621,32,10,37850.91,706,หน้าร้าน
C-30250,35,45,109068.08,779,แอปมือถือ
C-30992,258,4,1839.07,651,แอปมือถือ
C-30587,40,13,36860.59,1374,หน้าร้าน
C-30614,109,7,11015.28,1082,แอปมือถือ
C-30693,200,1,2045.97,1364,ออนไลน์
C-30046,10,20,173658.25,271,หน้าร้าน
C-30012,43,27,47321.01,833,แอปมือถือ
C-30225,14,25,102570.90,176,หน้าร้าน
C-30678,48,9,10424.99,832,หน้าร้าน
C-30021,33,23,184857.71,752,แอปมือถือ
C-31076,235,1,200810.86,1407,แอปมือถือ
C-30891,350,2,949.07,837,แอปมือถือ
C-30202,10,43,96567.89,847,แอปมือถือ
C-30248,43,24,42603.38,1241,แอปมือถือ
C-30460,42,8,7237.05,727,แอปมือถือ
C-30394,86,13,16978.99,322,หน้าร้าน
C-30556,71,19,40869.71,699,หน้าร้าน
C-31141,152,2,164549.38,1317,แอปมือถือ
C-30156,19,27,65378.80,799,หน้าร้าน
C-30501,24,12,28301.46,647,แอปมือถือ
C-30203,34,30,70206.25,1264,หน้าร้าน
C-30699,377,4,5504.76,530,แอปมือถือ
C-30234,13,45,126205.81,465,ออนไลน์
C-30299,22,15,23776.01,940,หน้าร้าน
C-30081,14,40,147929.26,1294,ออนไลน์
C-31086,156,1,183091.66,998,แอปมือถือ
C-30566,60,11,22070.36,93,ออนไลน์
C-30665,60,12,15270.51,864,แอปมือถือ
C-30292,58,9,28221.62,127,หน้าร้าน
C-30508,83,10,13938.40,1463,หน้าร้าน
C-30609,110,20,32498.99,1487,แอปมือถือ
C-30483,71,15,17110.20,133,แอปมือถือ
C-30960,155,5,2147.68,1333,หน้าร้าน
C-31183,173,2,147367.69,867,แอปมือถือ
C-30494,72,19,22904.58,1291,แอปมือถือ
C-30477,106,12,23473.15,499,แอปมือถือ
C-30783,208,2,3747.79,1442,ออนไลน์
C-30766,418,1,672.38,1483,แอปมือถือ
C-31150,129,1,84347.24,388,ออนไลน์
C-30787,419,3,3675.96,1020,ออนไลน์
C-30882,297,1,2242.22,799,แอปมือถือ
C-30904,394,5,4961.37,465,ออนไลน์
C-30986,246,2,5858.10,1483,แอปมือถือ
C-30604,61,12,24069.55,1395,แอปมือถือ
C-30316,92,13,9456.88,278,แอปมือถือ
C-30703,220,5,2581.67,813,แอปมือถือ
C-31078,168,1,122763.08,1095,หน้าร้าน
C-30623,61,9,34204.51,1471,แอปมือถือ
C-31120,158,2,205918.48,232,ออนไลน์
C-30143,10,33,99209.08,1494,ออนไลน์
C-30318,52,13,36615.93,1395,ออนไลน์
C-31007,367,5,2602.86,1470,หน้าร้าน
C-30594,91,11,13838.63,1265,หน้าร้าน
C-30126,8,35,86556.79,750,หน้าร้าน
C-30474,32,19,38671.84,489,หน้าร้าน
C-30668,68,9,31105.79,1032,ออนไลน์
C-31036,204,1,2487.71,1160,ออนไลน์
C-31102,242,2,159413.67,929,ออนไลน์
C-30993,381,3,613.19,576,หน้าร้าน
C-30396,34,15,12144.04,690,ออนไลน์
C-30716,390,2,1653.22,552,หน้าร้าน
C-30980,178,2,2798.44,750,ออนไลน์
C-31111,220,2,54644.18,927,ออนไลน์
C-30033,23,42,45197.56,712,หน้าร้าน
C-30641,87,12,29862.61,834,หน้าร้าน
C-30502,102,14,8784.79,1397,ออนไลน์
C-30114,41,34,145567.23,1165,แอปมือถือ
C-30550,37,17,38781.05,1206,ออนไลน์
C-30836,235,3,4151.74,992,หน้าร้าน
C-31175,207,2,119961.90,1444,แอปมือถือ
C-30538,32,16,12388.17,116,ออนไลน์
C-30379,56,15,17059.81,972,ออนไลน์
C-30451,86,18,41548.74,235,หน้าร้าน
C-30723,214,3,1722.33,401,หน้าร้าน
C-30413,91,20,38413.51,662,ออนไลน์
C-30962,259,1,3158.28,1407,แอปมือถือ
C-31001,198,2,5604.30,693,ออนไลน์
C-31129,250,1,183313.07,1024,ออนไลน์
C-30647,24,8,17783.54,339,หน้าร้าน
C-30490,52,15,36176.88,171,หน้าร้าน
C-30866,162,1,5035.18,579,แอปมือถือ
C-30928,330,1,2136.76,545,ออนไลน์
C-31167,177,1,186448.31,682,ออนไลน์
C-30001,18,25,156420.05,1269,หน้าร้าน
C-30602,78,16,8624.21,1439,แอปมือถือ
C-31025,194,2,1094.10,918,ออนไลน์
C-30171,43,23,78889.11,938,แอปมือถือ
C-30018,14,24,160799.84,695,ออนไลน์
C-30644,79,20,21638.71,335,แอปมือถือ
C-30697,231,4,5509.71,807,แอปมือถือ
C-31195,121,1,140242.98,402,แอปมือถือ
C-31085,112,1,206212.87,1343,ออนไลน์
C-30042,25,20,69361.63,973,หน้าร้าน
C-30979,182,2,1083.15,422,แอปมือถือ
C-30210,13,40,88861.90,1181,หน้าร้าน
C-30372,27,19,37279.95,69,แอปมือถือ
C-30906,309,3,4476.12,955,แอปมือถือ
C-30015,15,48,83996.77,1135,หน้าร้าน
C-30686,204,5,3852.21,1418,แอปมือถือ
C-31145,110,1,155020.66,543,หน้าร้าน
C-30488,27,9,19903.12,1001,ออนไลน์
C-30818,220,1,4508.43,991,ออนไลน์
C-31131,162,1,110976.42,342,ออนไลน์
C-30939,163,4,2678.81,802,ออนไลน์
C-30926,338,4,6081.59,1422,แอปมือถือ
C-30346,60,11,34632.34,1078,ออนไลน์
C-30978,316,2,4300.60,925,หน้าร้าน
C-30834,193,1,2898.98,277,หน้าร้าน
C-30357,75,16,23726.21,1177,ออนไลน์
C-31128,186,1,203509.04,578,ออนไลน์
C-31156,135,1,175931.20,677,ออนไลน์
C-30862,382,3,4150.34,618,แอปมือถือ
C-30152,35,27,101060.99,1350,ออนไลน์
C-30341,33,20,17846.67,1092,แอปมือถือ
C-30198,32,32,118475.51,1340,แอปมือถือ
C-30136,36,24,142028.47,1173,หน้าร้าน
C-30187,25,18,123653.72,593,หน้าร้าน
C-30892,297,2,6141.31,1178,แอปมือถือ
C-31083,101,2,110448.08,1173,แอปมือถือ
C-30848,280,1,3631.21,845,แอปมือถือ
C-30169,15,44,112057.55,1219,หน้าร้าน
C-30758,198,3,2333.97,324,แอปมือถือ
C-30860,203,3,5875.98,1127,แอปมือถือ
C-30361,48,12,14372.39,537,หน้าร้าน
C-31082,160,1,149782.58,1064,ออนไลน์
C-30914,160,2,4175.55,882,แอปมือถือ
C-30139,25,23,114568.74,89,ออนไลน์
C-30165,13,30,62805.12,339,ออนไลน์
C-31161,97,1,98683.65,650,ออนไลน์
C-30103,41,34,42034.50,1307,หน้าร้าน
C-30003,31,32,152162.81,1203,ออนไลน์
C-30612,88,14,36033.73,365,แอปมือถือ
C-30080,30,36,86845.83,1007,แอปมือถือ
C-31104,138,1,151820.80,550,ออนไลน์
C-30990,396,5,2185.77,1322,หน้าร้าน
C-30901,383,5,5185.90,626,ออนไลน์
C-30919,310,2,2175.55,945,ออนไลน์
C-31147,215,1,115484.53,1499,ออนไลน์
C-30776,192,2,733.70,634,ออนไลน์
C-30323,28,18,11487.69,715,ออนไลน์
C-30395,104,17,22636.61,238,ออนไลน์
C-30637,40,17,16063.75,1234,ออนไลน์
C-30336,37,17,35097.95,463,แอปมือถือ
C-30504,90,14,32842.89,1421,หน้าร้าน
C-30107,6,44,98914.26,780,แอปมือถือ
C-30313,78,12,9988.74,306,แอปมือถือ
C-30900,187,2,1394.82,710,แอปมือถือ
C-30072,27,28,95466.08,750,ออนไลน์
C-30462,34,9,39377.43,1093,หน้าร้าน
C-31158,163,1,61603.16,506,แอปมือถือ
C-30024,26,31,86914.55,1391,แอปมือถือ
C-30823,366,5,6792.79,820,หน้าร้าน
C-30930,252,2,2019.27,1289,ออนไลน์
C-30889,336,4,6211.51,651,แอปมือถือ
C-30726,383,3,6646.48,1315,ออนไลน์
C-30229,12,39,173048.59,368,หน้าร้าน
C-31045,211,3,1893.60,1344,หน้าร้าน
C-30141,15,47,79231.69,1437,หน้าร้าน
C-31136,153,1,181649.85,512,ออนไลน์
C-30399,60,8,14644.82,1378,ออนไลน์
C-30655,43,18,32707.89,884,แอปมือถือ
C-30437,72,18,15685.27,623,ออนไลน์
C-30267,71,18,36967.87,283,หน้าร้าน
C-30833,251,3,4369.36,476,แอปมือถือ
C-30320,79,15,8971.70,333,หน้าร้าน
C-30266,44,18,22213.74,1112,แอปมือถือ
C-30985,162,5,2396.81,177,ออนไลน์
C-30422,102,8,31791.81,681,หน้าร้าน
C-30426,99,13,32514.87,151,หน้าร้าน
C-30700,221,1,6063.92,263,ออนไลน์
C-30064,29,37,120121.99,65,ออนไลน์
C-30450,73,12,20830.62,335,ออนไลน์
C-30478,80,11,30198.83,240,แอปมือถือ
C-31029,370,2,1178.08,984,ออนไลน์
C-30959,288,2,2824.05,1146,หน้าร้าน
C-30937,299,5,4842.24,1381,แอปมือถือ
C-30006,36,18,142359.53,416,หน้าร้าน
C-30619,70,17,30233.05,735,หน้าร้าน
C-31188,192,2,158130.93,1087,ออนไลน์
C-30721,211,2,2852.97,1493,ออนไลน์
C-30770,241,5,2063.93,873,หน้าร้าน
C-30400,79,19,22088.89,453,ออนไลน์
C-30955,184,1,581.67,1124,แอปมือถือ
C-30339,81,15,14995.43,901,แอปมือถือ
C-30245,42,47,153217.55,335,หน้าร้าน
C-30616,63,7,18474.39,1315,ออนไลน์
C-30905,195,3,1028.69,1360,แอปมือถือ
C-30476,28,12,21400.68,368,แอปมือถือ
C-30916,167,5,2784.61,219,แอปมือถือ
C-30636,101,11,36889.41,1116,แอปมือถือ
C-30295,21,20,41140.99,212,หน้าร้าน
C-30835,398,1,4140.88,859,แอปมือถือ
C-30397,67,11,29080.52,412,แอปมือถือ
C-30047,10,27,66333.92,522,ออนไลน์
C-30976,209,2,1452.08,247,ออนไลน์
C-31138,135,1,209471.63,1063,ออนไลน์
C-30409,48,16,7715.64,1498,หน้าร้าน
C-30083,44,27,93245.27,770,ออนไลน์
C-30555,20,18,30902.46,308,ออนไลน์
C-30589,90,11,36897.40,1078,แอปมือถือ
C-30423,54,9,22795.77,1342,หน้าร้าน
C-30828,310,2,2680.76,1432,หน้าร้าน
C-30294,22,7,21369.23,1475,ออนไลน์
C-31002,291,3,3085.61,1337,ออนไลน์
C-30642,57,12,30649.13,236,แอปมือถือ
C-30510,92,12,40148.24,1016,ออนไลน์
C-30927,157,4,5708.71,764,ออนไลน์
C-30359,84,14,34151.77,448,หน้าร้าน
C-30162,20,43,70691.86,1303,แอปมือถือ
C-30276,93,13,15285.44,491,ออนไลน์
C-31116,132,2,151608.28,903,ออนไลน์
C-30559,67,20,38019.84,1102,หน้าร้าน
C-30062,36,19,46098.62,486,ออนไลน์
C-30032,28,46,71076.44,842,ออนไลน์
C-30371,108,12,20616.41,738,หน้าร้าน
C-30363,90,17,12175.10,553,ออนไลน์
C-31110,142,2,85225.27,1418,ออนไลน์
C-30991,237,1,1629.60,1008,แอปมือถือ
C-30055,12,27,139158.55,1414,ออนไลน์
C-30421,20,10,34426.82,793,ออนไลน์
C-30004,4,43,124665.88,489,ออนไลน์
C-30045,3,30,95938.21,566,หน้าร้าน
C-30134,6,37,61126.87,1466,แอปมือถือ
C-30302,45,19,24137.50,120,ออนไลน์
C-30622,98,13,19378.07,366,แอปมือถือ
C-30572,96,12,23845.92,1107,ออนไลน์
C-31091,203,2,81919.60,1081,แอปมือถือ
C-30026,7,36,132320.33,664,ออนไลน์
C-30788,167,2,6677.72,1303,แอปมือถือ
C-30517,84,9,8091.02,1003,แอปมือถือ
C-30765,261,5,5139.52,671,หน้าร้าน
C-30454,84,17,20267.40,230,ออนไลน์
C-30972,408,3,6197.08,1293,หน้าร้าน
C-30177,44,22,81713.55,1177,หน้าร้าน
C-30127,42,22,140633.58,557,หน้าร้าน
C-30405,44,7,21257.72,904,ออนไลน์
C-30183,6,28,130620.67,920,ออนไลน์
C-30244,43,43,42041.10,603,ออนไลน์
C-30063,7,38,161911.47,845,แอปมือถือ
C-30751,258,1,1734.94,853,หน้าร้าน
C-31153,141,1,168870.30,282,หน้าร้าน
C-30217,14,35,145703.56,207,ออนไลน์
C-30590,106,19,27296.02,286,หน้าร้าน
C-30575,47,19,41414.58,1357,แอปมือถือ
C-30961,341,3,1104.48,817,ออนไลน์
C-30715,357,3,6257.87,1419,แอปมือถือ
C-30289,33,7,30556.53,70,แอปมือถือ
C-30061,38,32,111019.97,252,แอปมือถือ
C-30213,36,40,127418.48,990,ออนไลน์
C-30879,184,3,3107.31,233,ออนไลน์
C-31094,162,1,159213.70,1163,แอปมือถือ
C-30790,234,1,5611.21,1134,ออนไลน์
C-30563,71,12,40698.39,984,แอปมือถือ
C-30511,24,15,18762.64,544,แอปมือถือ
C-30082,29,26,55312.10,1296,แอปมือถือ
C-31058,412,1,4701.89,470,แอปมือถือ
C-30523,103,16,29638.72,1062,หน้าร้าน
C-30695,161,5,4422.23,522,แอปมือถือ
C-30505,23,19,7397.28,659,ออนไลน์
C-30108,12,28,134043.46,844,หน้าร้าน
C-30786,410,1,1832.36,792,แอปมือถือ
C-30632,53,13,12571.97,793,แอปมือถือ
C-30583,79,8,32362.85,1500,แอปมือถือ
C-30142,9,39,59760.87,828,ออนไลน์
C-30438,100,19,13044.27,473,หน้าร้าน
C-30843,265,3,5296.92,1317,แอปมือถือ
C-30254,23,40,111384.70,1074,แอปมือถือ
C-30164,10,31,72942.21,318,แอปมือถือ
C-30798,394,5,2540.12,1144,ออนไลน์
C-30876,224,4,6327.19,1420,หน้าร้าน
C-30856,226,5,2509.74,1379,หน้าร้าน
C-30560,81,11,16362.33,1081,แอปมือถือ
C-30722,371,5,725.08,1359,หน้าร้าน
C-30278,104,18,28231.94,461,ออนไลน์
C-30615,44,16,23657.85,1322,ออนไลน์
C-30777,337,4,2484.81,744,แอปมือถือ
C-31160,228,2,129661.67,373,ออนไลน์
C-30390,34,13,22905.61,1287,หน้าร้าน
C-30290,104,17,40871.27,886,หน้าร้าน
C-31039,365,4,6460.70,669,หน้าร้าน
C-30732,171,3,4701.79,659,ออนไลน์
C-31105,110,1,159783.69,1345,แอปมือถือ
C-31055,211,3,5984.34,879,ออนไลน์
C-30480,30,8,12480.62,822,หน้าร้าน
C-30333,33,18,16736.71,1170,แอปมือถือ
C-30643,58,19,26939.80,698,ออนไลน์
C-30118,3,33,83813.29,1195,หน้าร้าน
C-30799,185,5,1407.19,484,ออนไลน์
C-30351,34,8,33464.53,470,หน้าร้าน
C-30586,100,11,20651.79,130,ออนไลน์
C-30304,50,10,33576.69,1403,หน้าร้าน
C-30718,155,4,6378.62,761,แอปมือถือ
C-31187,143,2,181711.00,1054,ออนไลน์
C-30581,57,20,28532.91,1133,แอปมือถือ
C-30470,78,10,15838.72,947,ออนไลน์
C-30996,314,1,2011.02,1135,แอปมือถือ
C-30629,47,11,36969.10,175,ออนไลน์
C-30345,30,17,16911.66,1495,แอปมือถือ
C-31092,194,2,78682.71,726,แอปมือถือ
C-30369,26,13,36744.56,504,หน้าร้าน
C-30145,19,42,148229.54,943,ออนไลน์
C-30841,288,1,4018.79,954,หน้าร้าน
C-30661,27,10,35551.44,1219,แอปมือถือ
C-30227,19,32,151852.54,870,ออนไลน์
C-30424,55,9,26785.76,367,หน้าร้าน
C-30897,200,2,5920.05,1271,ออนไลน์
C-30484,81,10,32006.80,1026,ออนไลน์
C-30869,155,3,2545.10,1233,ออนไลน์
C-30270,70,15,17041.10,388,หน้าร้าน
C-30117,20,36,152118.03,1236,แอปมือถือ
C-30366,41,13,36291.99,614,หน้าร้าน
C-30049,22,31,150987.07,1373,แอปมือถือ
C-30819,283,3,4958.13,1440,หน้าร้าน
C-30090,24,18,119742.99,753,หน้าร้าน
C-30912,417,1,2575.45,740,ออนไลน์
C-30444,64,14,15249.87,222,หน้าร้าน
C-30111,23,34,74055.08,187,หน้าร้าน
C-30771,233,4,4729.14,369,แอปมือถือ
C-30353,81,20,12630.41,1139,หน้าร้าน
C-31169,153,1,167032.69,233,หน้าร้าน
C-31112,259,2,148197.45,1298,แอปมือถือ
C-30375,105,15,30564.64,1190,ออนไลน์
C-30772,389,2,6005.71,740,หน้าร้าน
C-31098,178,2,208148.61,1434,แอปมือถือ
C-31006,157,3,4271.66,1078,หน้าร้าน
C-31046,353,1,1557.13,994,หน้าร้าน
C-30871,292,2,1886.50,1113,แอปมือถือ
C-30258,36,33,107659.95,238,ออนไลน์
C-30757,300,3,2745.25,1455,หน้าร้าน
C-30713,395,5,6198.87,787,แอปมือถือ
C-30321,107,19,32595.73,735,ออนไลน์
C-30977,384,1,3238.56,448,แอปมือถือ
C-30034,6,47,154587.29,691,หน้าร้าน
C-31174,214,1,58572.59,1474,หน้าร้าน
C-30349,48,14,22219.88,858,แอปมือถือ
C-30133,12,44,167373.76,1006,ออนไลน์
C-30158,18,41,142779.90,1134,ออนไลน์
C-30653,74,12,9002.04,286,หน้าร้าน
C-30310,102,7,18547.84,949,ออนไลน์
C-30802,211,5,4131.35,1253,ออนไลน์
C-30458,103,10,17187.71,424,แอปมือถือ
C-31066,109,1,188430.35,297,ออนไลน์
C-30457,43,8,9297.03,290,หน้าร้าน
C-31047,355,1,1284.30,1120,ออนไลน์
C-30264,84,17,33383.53,910,หน้าร้าน
C-30430,98,19,27929.95,1385,ออนไลน์
C-30340,27,7,41930.16,942,หน้าร้าน
C-30029,19,34,84974.69,858,ออนไลน์
C-30036,30,37,99123.05,221,แอปมือถือ
C-30416,56,9,34665.18,451,แอปมือถือ
C-30196,8,43,120561.50,333,แอปมือถือ
C-30759,236,4,5436.35,862,แอปมือถือ
C-30599,31,17,19432.18,1346,ออนไลน์
C-30356,59,20,31329.13,1453,แอปมือถือ
C-31172,230,2,117002.45,441,หน้าร้าน
C-30839,350,1,1052.37,671,แอปมือถือ
C-30147,29,29,132225.51,326,แอปมือถือ
C-31127,182,2,152995.68,1495,ออนไลน์
C-31193,120,1,207636.94,543,แอปมือถือ
C-30701,174,4,4619.21,889,ออนไลน์
C-30785,332,1,2365.26,614,ออนไลน์
C-30499,32,7,35728.22,551,หน้าร้าน
C-30809,271,5,2168.34,1088,ออนไลน์
C-30558,110,13,24046.06,485,หน้าร้าน
C-30592,93,10,24493.03,273,ออนไลน์
C-30842,248,1,4603.39,428,หน้าร้าน
C-30249,34,22,160074.64,602,ออนไลน์
C-30259,38,31,128073.74,1175,ออนไลน์
C-30764,208,3,6367.16,438,แอปมือถือ
C-30214,40,21,90693.78,786,ออนไลน์
C-30135,6,27,102760.01,594,ออนไลน์
C-30662,21,9,8415.09,109,แอปมือถือ
C-30149,39,27,108923.79,1278,หน้าร้าน
C-30958,192,5,3580.18,1394,หน้าร้าน
C-30358,47,17,34191.63,619,แอปมือถือ
C-30540,61,8,35705.07,1113,หน้าร้าน
C-30541,30,8,30958.13,68,แอปมือถือ
C-30720,195,4,1339.97,588,ออนไลน์
C-30301,20,19,40620.84,1292,ออนไลน์
C-30805,307,3,3322.83,694,หน้าร้าน
C-30792,368,3,2586.79,467,ออนไลน์
C-30428,26,9,13565.57,813,ออนไลน์
C-31151,260,1,128496.32,769,แอปมือถือ
C-30924,237,1,1345.48,868,แอปมือถือ
C-30535,95,8,28112.20,537,แอปมือถือ
C-30002,18,35,92375.46,443,ออนไลน์
C-31126,194,2,186524.93,304,ออนไลน์
C-30102,45,31,177943.55,1487,หน้าร้าน
C-30065,8,40,48848.66,141,แอปมือถือ
C-30297,57,14,35142.17,159,หน้าร้าน
C-30791,228,1,5750.84,1015,หน้าร้าน
C-30522,36,20,16752.30,1289,หน้าร้าน
C-30059,3,42,98744.97,803,ออนไลน์
C-30702,356,3,3826.95,883,แอปมือถือ
C-30983,292,1,3081.18,855,แอปมือถือ
C-30874,204,5,3206.77,1107,ออนไลน์
C-30628,98,11,11069.28,994,หน้าร้าน
C-30676,31,12,9834.91,1332,ออนไลน์
C-30875,264,5,6368.54,383,ออนไลน์
C-30257,43,22,69325.30,617,ออนไลน์
C-30943,340,1,5023.15,1017,แอปมือถือ
C-30224,15,21,178132.09,778,หน้าร้าน
C-30016,27,22,117107.66,364,หน้าร้าน
C-31017,338,2,5519.63,934,แอปมือถือ
C-30885,200,3,5524.67,707,หน้าร้าน
C-30989,393,2,4927.13,1377,หน้าร้าน
C-30408,46,15,10011.43,1272,ออนไลน์
C-30781,321,2,3807.03,774,ออนไลน์
C-31089,193,1,93567.86,1467,หน้าร้าน
C-30459,46,13,22295.11,209,ออนไลน์
C-30130,25,25,79444.91,1482,หน้าร้าน
C-30005,14,26,150347.53,665,หน้าร้าน
C-30404,65,8,24224.03,785,หน้าร้าน
C-30230,26,38,177784.73,840,แอปมือถือ
C-30864,291,5,1314.63,368,แอปมือถือ
C-31062,205,2,209207.89,549,หน้าร้าน
C-30880,204,5,3416.35,229,แอปมือถือ
C-30838,215,1,2733.48,1387,หน้าร้าน
C-31044,162,2,1655.52,788,ออนไลน์
C-30532,77,10,40033.84,373,หน้าร้าน
C-30360,94,17,32477.89,600,หน้าร้าน
C-30933,323,2,3602.55,604,หน้าร้าน
C-31059,368,1,2900.08,1011,แอปมือถือ
C-30899,194,3,747.32,321,แอปมือถือ
C-31179,141,2,108001.02,1344,แอปมือถือ
C-30116,13,41,79607.08,418,แอปมือถือ
C-30648,33,14,28337.26,695,แอปมือถือ
C-31197,221,2,163233.70,800,ออนไลน์
C-31019,198,5,3061.90,1423,ออนไลน์
C-30670,89,20,20765.83,1154,หน้าร้าน
C-31173,260,2,204987.45,807,หน้าร้าน
C-30284,65,18,28772.23,1387,แอปมือถือ
C-30271,33,17,38876.17,719,แอปมือถือ
C-30672,97,9,19043.62,623,หน้าร้าน
C-30342,45,17,18909.24,664,หน้าร้าน
C-30724,306,4,5859.44,377,แอปมือถือ
C-30223,42,47,63452.88,820,แอปมือถือ
C-30182,38,45,86811.07,349,แอปมือถือ
C-30298,41,8,10385.10,1287,ออนไลน์
C-31035,291,3,5794.53,1270,แอปมือถือ
C-30742,171,1,1685.35,988,แอปมือถือ
C-30261,45,11,33350.82,443,หน้าร้าน
C-30660,51,10,22850.92,311,แอปมือถือ
C-30232,23,31,178078.59,782,แอปมือถือ
C-30952,187,1,5871.01,1200,ออนไลน์
C-30190,33,30,90862.63,789,แอปมือถือ
C-30279,37,14,17692.79,1009,หน้าร้าน
C-30850,289,5,610.10,307,ออนไลน์
C-30870,188,4,1714.50,1135,ออนไลน์
C-30327,65,9,37445.69,718,หน้าร้าน
C-30626,79,20,12337.31,1098,หน้าร้าน
C-31189,116,2,98352.03,459,หน้าร้าน
C-31115,162,2,83498.71,315,ออนไลน์
C-30305,65,14,9915.32,80,หน้าร้าน
C-30671,48,13,22431.51,1387,แอปมือถือ
C-31080,241,1,80911.48,464,ออนไลน์
C-30293,89,14,19910.95,1281,แอปมือถือ
C-30830,361,4,5399.10,494,แอปมือถือ
C-30456,94,18,19715.30,260,หน้าร้าน
C-30087,12,27,121736.60,1182,หน้าร้าน
C-30561,107,19,22587.28,365,ออนไลน์
C-30855,220,2,2721.35,480,หน้าร้าน
C-30571,49,10,23035.52,930,ออนไลน์
C-30415,99,7,33909.41,1456,แอปมือถือ
C-30028,13,38,155507.18,205,ออนไลน์
C-30099,19,47,127884.16,213,ออนไลน์
C-30846,159,2,3033.20,1252,หน้าร้าน
C-30831,206,1,6654.99,1303,ออนไลน์
C-30355,65,18,38631.90,1209,แอปมือถือ
C-30469,44,10,24988.20,136,แอปมือถือ
C-30192,15,24,60816.59,337,แอปมือถือ
C-30309,88,7,25537.67,607,ออนไลน์
C-30779,166,2,3088.99,479,แอปมือถือ
C-31074,237,2,109446.50,773,ออนไลน์
C-30031,31,35,43886.56,1441,แอปมือถือ
C-30808,407,3,2671.80,562,ออนไลน์
C-30247,31,43,96270.64,279,ออนไลน์
C-30493,40,18,12731.89,933,แอปมือถือ
C-30122,16,18,63949.20,1243,ออนไลน์
C-30338,59,11,38782.76,806,หน้าร้าน
C-30326,26,9,10270.33,303,หน้าร้าน
C-30148,38,43,98843.83,1160,ออนไลน์
C-30907,282,2,2625.42,292,หน้าร้าน
C-30285,84,9,36520.75,1279,หน้าร้าน
C-30940,175,3,4384.27,472,ออนไลน์
C-30768,383,5,4704.76,840,หน้าร้าน
C-30491,69,15,20943.15,562,แอปมือถือ
C-30106,28,27,42235.41,1264,หน้าร้าน
C-30618,26,17,31547.18,171,แอปมือถือ
C-30048,40,39,74987.57,1351,ออนไลน์
C-30814,411,2,566.40,981,แอปมือถือ
C-30666,88,15,25874.22,865,แอปมือถือ
C-30077,39,34,110517.89,1001,ออนไลน์
C-30588,35,14,32361.24,694,หน้าร้าน
C-30704,318,3,1183.68,870,แอปมือถือ
C-30542,88,7,8861.43,703,ออนไลน์
C-30199,19,46,130398.25,232,หน้าร้าน
C-30896,303,5,4244.58,586,หน้าร้าน
C-30854,254,5,3528.25,1159,หน้าร้าน
C-30681,193,1,1309.92,826,ออนไลน์
C-30521,70,15,11596.73,350,แอปมือถือ
C-30576,42,18,32421.39,1285,หน้าร้าน
C-30332,34,12,36805.31,249,แอปมือถือ
C-30022,21,31,163322.28,436,แอปมือถือ
C-30649,74,15,35601.04,1101,แอปมือถือ
C-30035,44,46,55332.54,1371,แอปมือถือ
C-30392,49,13,38067.02,1019,แอปมือถือ
C-30120,20,18,107681.58,959,หน้าร้าน
C-31132,96,1,167586.67,437,ออนไลน์
C-30730,410,5,6729.88,890,หน้าร้าน
C-30600,110,17,24514.53,722,แอปมือถือ
C-30529,26,7,28147.61,1326,แอปมือถือ
C-30427,24,9,18363.77,1123,ออนไลน์
C-30557,39,16,39128.38,223,ออนไลน์
C-30014,33,31,143567.75,373,แอปมือถือ
C-30938,222,4,4451.09,343,แอปมือถือ
C-30997,211,5,5210.79,487,แอปมือถือ
C-31159,103,1,61184.89,682,ออนไลน์
C-31023,297,2,5920.41,831,แอปมือถือ
C-30440,59,15,20120.78,425,ออนไลน์
C-30382,79,8,33151.46,1319,ออนไลน์
C-30105,27,32,71528.11,605,ออนไลน์
C-30895,354,1,1076.14,1058,หน้าร้าน
C-30123,10,32,119625.72,1445,แอปมือถือ
C-31016,163,5,5837.37,1100,แอปมือถือ
C-31075,235,1,193642.47,1123,หน้าร้าน
C-31162,102,2,73997.09,748,แอปมือถือ
C-30569,31,17,8918.32,1059,หน้าร้าน
C-30315,49,17,41292.31,1352,ออนไลน์
C-30957,191,5,4659.24,1466,ออนไลน์
C-30682,409,3,3899.10,1078,แอปมือถือ
C-30017,32,25,122589.34,625,แอปมือถือ
C-30300,67,17,8999.60,1188,แอปมือถือ
C-30273,25,16,37629.77,115,หน้าร้าน
C-30160,3,37,59577.34,1443,ออนไลน์
C-30344,108,10,8537.59,1256,หน้าร้าน
C-31135,109,2,95759.99,275,แอปมือถือ
C-30886,206,2,993.45,1140,ออนไลน์
C-31054,392,4,5455.57,991,แอปมือถือ
C-30709,196,1,714.92,776,หน้าร้าน
C-31024,257,4,4465.59,905,หน้าร้าน
C-30748,167,3,4701.93,674,ออนไลน์
C-30486,102,8,28381.86,1447,แอปมือถือ
C-31165,108,1,157724.09,280,หน้าร้าน
C-30638,109,18,14933.28,454,แอปมือถือ
C-30733,413,3,3975.43,987,หน้าร้าน
C-30698,222,3,3246.85,362,หน้าร้าน
C-30533,96,11,26387.27,883,ออนไลน์
C-30596,76,13,40131.06,772,แอปมือถือ
C-30071,32,32,97795.24,1347,แอปมือถือ
C-31061,231,2,77610.29,654,แอปมือถือ
C-30578,58,7,13590.43,662,ออนไลน์
C-30167,8,33,64117.25,1443,หน้าร้าน
C-31190,146,1,127450.92,913,แอปมือถือ
C-30465,26,9,14133.14,998,แอปมือถือ
C-30386,110,20,27972.63,332,ออนไลน์
C-30211,35,31,120396.85,93,หน้าร้าน
C-30348,84,9,33716.66,311,หน้าร้าน
C-30398,55,16,13164.45,434,ออนไลน์
C-30784,417,3,1828.74,1088,ออนไลน์
C-30347,38,18,32476.05,718,แอปมือถือ
